<?xml version="1.0" encoding="utf-8"?>
<odoo>
    <data>
        <record id="group_landed_cost_approval" model="res.groups">
            <field name="name">Landed Cost Approval</field>
            <field name="implied_ids" eval="[(4, ref('base.group_user'))]"/>
        </record>

        <record id="group_landed_cost_cancel_reset" model="res.groups">
            <field name="name">Landed Cost Cancel/Reset</field>
            <field name="implied_ids" eval="[(4, ref('group_landed_cost_approval'))]"/>
        </record>

    </data>
</odoo>
