id,name,model_id:id,group_id:id,perm_read,perm_write,perm_create,perm_unlink
access_material_request_direct_consume_user,material.request,supply_material_request.model_internal_material_request,supply_direct_consume.group_material_direct_consume,1,1,1,1
access_material_request_line_direct_consume_user,material.request.line,supply_material_request.model_internal_material_request_line,supply_direct_consume.group_material_direct_consume,1,1,1,1
access_stock_picking_material_request_direct_consume_user,stock.move,stock.model_stock_picking,supply_direct_consume.group_material_direct_consume,1,1,1,0
access_stock_move_material_request_direct_consume_user,stock.move,stock.model_stock_move,supply_direct_consume.group_material_direct_consume,1,1,0,0
access_model_stock_scrap_user_direct_consume_user,stock.scrap,stock.model_stock_scrap,supply_direct_consume.group_material_direct_consume,1,1,1,0
account_move_line_material_request_dcu,account.move.line,account.model_account_move_line,supply_direct_consume.group_material_direct_consume,1,1,0,0
