<?xml version="1.0" encoding="utf-8"?>
<odoo>
    <data>

        <record model="ir.module.category" id="module_category_material_request">
            <field name="name">Supply Management</field>
        </record>

        <record id="group_internal_material_request_user" model="res.groups">
            <field name="name">Supply Request User</field>
            <field name="implied_ids" eval="[(4, ref('base.group_user'))]"/>
            <field name="category_id" ref="module_category_material_request"/>
        </record>

        <record id="group_internal_material_request_issue" model="res.groups">
            <field name="name">Supply Request Issuer</field>
            <field name="implied_ids" eval="[(4, ref('base.group_user'))]"/>
            <field name="category_id" ref="module_category_material_request"/>
        </record>

        <!--===========================Supply Request IR Rule=====================================-->
        <record model="ir.rule" id="supply_request_material_user_rule">
            <field name="name">Supply Request User</field>
            <field name="model_id" ref="supply_material_request.model_internal_material_request"/>
            <field name="global" eval="True"/>
            <field name="groups" eval="[(4, ref('group_internal_material_request_user'))]"/>
            <field name="domain_force">['|', ('requested_by','=',user.id),('is_internal_transfer', '=', True), '|',
                ('it_source_location_id', 'in', user.int_trans_loc_ids.ids), ('dest_location_id', 'in',
                user.int_trans_loc_ids.ids)]
            </field>
        </record>

        <record model="ir.rule" id="supply_request_material_line_user_rule">
            <field name="name">Supply Request Line User</field>
            <field name="model_id" ref="supply_material_request.model_internal_material_request_line"/>
            <field name="global" eval="True"/>
            <field name="groups" eval="[(4, ref('group_internal_material_request_user'))]"/>
            <field name="domain_force">['|', ('create_uid','=',user.id), ('request_id.is_internal_transfer', '=', True),
                '|', ('request_id.it_source_location_id', 'in', user.int_trans_loc_ids.ids),
                ('request_id.dest_location_id', 'in', user.int_trans_loc_ids.ids)]
            </field>
        </record>

        <record model="ir.rule" id="supply_material_issue_location_rule">
            <field name="name">Supply Issue Location</field>
            <field name="model_id" ref="supply_material_request.model_supply_material_issue"/>
            <field name="global" eval="True"/>
            <field name="groups" eval="[(4, ref('group_internal_material_request_issue'))]"/>
            <field name="domain_force">
                ['|',('source_location_id','=',False),('source_location_id','in',user.int_trans_loc_ids.ids)]
            </field>
        </record>

        <record model="ir.rule" id="internal_material_request_comp_rule">
            <field name="name">Supply Request multi-company</field>
            <field name="model_id" ref="supply_material_request.model_internal_material_request"/>
            <field name="global" eval="True"/>
            <field name="domain_force">['|',('company_id','=',False),('company_id','child_of',[user.company_id.id])]
            </field>
        </record>

        <record model="ir.rule" id="internal_material_request_line_comp_rule">
            <field name="name">Supply Request Line multi-company</field>
            <field name="model_id" ref="supply_material_request.model_internal_material_request_line"/>
            <field name="global" eval="True"/>
            <field name="domain_force">['|',('company_id','=',False), ('company_id','child_of',[user.company_id.id])]
            </field>
        </record>

    </data>
</odoo>