id,name,model_id:id,group_id:id,perm_read,perm_write,perm_create,perm_unlink
access_change_approver_name_wiz,access.change.approver.name.wiz,model_change_approver_name_wiz,base.group_user,1,1,1,1
access_material_request_approval,material.request,supply_material_request.model_internal_material_request,supply_request_approval.group_internal_material_request_manager,1,1,1,1
access_material_request_line_approval,material.request.line,supply_material_request.model_internal_material_request_line,supply_request_approval.group_internal_material_request_manager,1,1,1,1
access_stock_move_material_request_approval,stock.move,stock.model_stock_move,supply_request_approval.group_internal_material_request_manager,1,1,1,0
access_model_stock_scrap_user_approval,stock.scrap,stock.model_stock_scrap,supply_request_approval.group_internal_material_request_manager,1,1,1,0
account_move_line_material_request_approval,account.move.line,account.model_account_move_line,supply_request_approval.group_internal_material_request_manager,1,1,0,0
